 u'starbucks#lelinatorfamily'	3
 u'right'	1552
 u'previously'	88
 u'ourplanetdaily'	3
 u'thefemalewarhol'	1
 u'@claireandlouise'	1
 u'patiently'	4
 u'raytoro'	2
 u'isitoveryet'	1
 u'hunt_hard'	1
 u'femyeah'	1
 u'possibly'	26
 u'\U0001f3a3just'	1
 u'@mollypriddy'	2
 u'tukutaneoceanroad9_9'	1
 u'scattabcn'	1
 u'l4f'	4
 u'eerily'	1
 u'richkidsofsnapchat'	1
 u'selfworth'	1
 u'createexploretakeover'	10
 u'canadianphotographer'	3
 u'mihaelamarinova'	2
 u'deaddoorpost'	1
 u'neworleansfood'	1
 u'@cocacola_esp'	4
 u'cawfamily'	1
 u'@just__selly'	1
 u'presumably'	2
 u'then'	171
 u'ethically'	1
 u'loveyoursmile\U0001f60d'	1
 u'you-'	14
 u'backintime'	2
 u'kamaleontti'	1
 u'californiaburgersmelb'	1
 u'yahama'	1
 u'namjoon'	1
 u'oo'	1
 u'ecofriendly'	4
 u'yeezy350boost'	1
 u'truly'	46
 u'samawdomu'	2
 u'satisfactorily'	1
 u'urgently'	1
 u'greatly'	4
 u'artiseverywhere'	4
 u'caffeinelover'	3
 u'75pct'	1
 u'getinmybelly'	294
 u'speedfoodfirst'	1
 u'healthier'	4
 u'\U0001f631\U0001f631\U0001f631\U0001f631\U0001f631\U0001f631\U0001f631\U0001f631\U0001f631\U0001f631\U0001f631\U0001f631\U0001f631#model'	1
 u'dummy'	2
 u'lily'	4
 u'thoughtfully'	1
 u'sneakerhead'	33
 u'spraypaintart'	4
 u'eats\u2014\u2014\u2014\u2014\u2014\u2014\u2014\u2014\u2014\u2014\u2014\u2014\u2014\u2014\u2014\u2014\u2014\u2014\u2014\u2014\u2014\u2014\u2014\u2014'	1
 u'originalpenguin'	2
 u'whilst'	1
 u'cutthecarbs#ketoaustralia#ketoau'	1
 u'london_only'	3
 u'sensually'	1
 u'atthecastle'	5
 u'exclusively'	11
 u'hmmm'	1
 u'least'	1
 u'@camellia_arul'	1
 u'boostmobile'	1
 u'x\xe3'	1
 u'lol'	41
 u'wichitafallstexas'	1
 u'thereisamessagehere'	1
 u'\u25fd\ufe0f\u25fd\ufe0f\u25fd\ufe0f\u25fd\ufe0f\u25fd\ufe0f\u25fd\ufe0f\u25fd\ufe0f\u25fd\ufe0f\u25fd\ufe0f\u25fd\ufe0f\u25fd\ufe0f\u25fd\ufe0f\u25fd\ufe0f\u25fd\ufe0f\u25fd\ufe0f'	1
 u'bubbly'	16
 u'v'	1
 u'quietly'	6
 u'@berberbob'	1
 u'\U0001f60d\U0001f354'	3
 u'quick'	6
 u'ig_art'	1
 u'ace'	1
 u'elvisdepressedly'	1
 u'spoil'	2
 u'rolexgmtmaster2'	3
 u'slimmingworldfriendly'	2
 u'facgsleli'	9
 u'aquanautlady'	1
 u'high_larry_us'	1
 u'@powerpecs'	1
 u'conclusively'	1
 u'fathersontime'	1
 u'nokte'	1
 u'sickeningly'	1
 u'deliberately'	1
 u'@disneyland'	1
 u'icesphere'	1
 u'mendeserveflowerstoo'	2
 u'indirectly'	4
 u'@personalisemystuff'	1
 u'first'	50
 u'btw'	17
 u'brazenly'	1
 u'nearby'	17
 u'locally'	10
 u'aloud'	2
 u'ngi'	2
 u'\uae40\ud0dc\ud615'	8
 u'inland'	1
 u'selly'	1
 u'luckily'	26
 u'gracefully'	5
 u'deintm'	1
 u'orlandoeye'	20
 u'neweek'	1
 u'similarly'	2
 u'awake'	2
 u'thinspo.\U0001f339follow'	1
 u'nochillhumor'	1
 u'curteai'	2
 u'guiltily'	1
 u'tht'	1
 u'mensweardaily'	3
 u'\U0001f602\U0001f44f\U0001f3fb#blackmedicine'	2
 u'increasingly'	52
 u'online'	167
 u'ungrammatically'	3
 u'over'	2
 u'enough\u2019'	1
 u'etsystore'	1
 u'lelifamily'	1
 u'dreamily'	1
 u'sfx'	1
 u'deeply'	25
 u'fetta'	1
 u'sitting_on_forgis'	1
 u'continually'	4
 u'newburynh'	1
 u'much'	21
 u'yogadaily'	3
 u'taschen'	1
 u'slimmingworlduk#slimmingworldsupport#slimmingworldfamily'	1
 u'cautiously'	1
 u'lagacilly'	1
 u'foxshox'	1
 u'originally'	212
 u'violently'	1
 u'onthedaily'	1
 u'there'	446
 u'coke"'	2
 u'isssss'	1
 u'rvfamily'	1
 u'toddlersofinstagram'	2
 u'pic.twitter.com/fuvmodda6q'	7
 u'creative\U0001f60d'	1
 u'lasallebacolod'	2
 u'even'	138
 u'happyhealthyfamily'	1
 u'fullly'	1
 u'readily'	7
 u'interiordesignideas'	1
 u'loud'	1
 u'https://m.youtube.com/watch?v=ycgpsnswzjc'	1
 u'painfully'	1
 u'way'	41
 u'whateverelse'	1
 u'badly'	13
 u'austria'	3
 u'czekam'	1
 u'nagel'	4
 u'inevitably'	3
 u'very'	100
 u'creamsodafloat'	1
 u'happyhereandnow'	1
 u'onceuponatime'	2
 u'ideologically'	1
 u'originallogo'	1
 u'chickensandwich'	1
 u'ct'	2
 u'vintagehalloweencokead'	2
 u'bright'	62
 u'aksdastan'	1
 u'too\U0001f600\U0001f382'	1
 u'matter'	33
 u'ilovenorway'	1
 u'wwukfamily'	1
 u'tragically'	2
 u'thoroughly'	8
 u'artistloft'	1
 u'newcastleupontyne'	1
 u'kithnyc'	17
 u'iliveherenow'	1
 u'mua'	8
 u'reeeeally'	1
 u'offically'	1
 u'somehow'	4
 u'mainly'	21
 u'\U0001f334'	8
 u'rating:\U0001f485\U0001f3fb\U0001f485\U0001f3fb\U0001f485'	1
 u'jolly'	1
 u'comfortably'	4
 u'tequila'	13
 u'biere'	2
 u'cokezeroisgoodtoo'	1
 u'happymelly'	1
 u'anytime'	46
 u'\U0001f34e\U0001f48bsnow'	1
 u'bouly'	1
 u'livingnaturally'	1
 u'mornong'	1
 u'kinda'	53
 u'volgomessina'	1
 u'annoyingly'	2
 u'@aspenworldwide'	1
 u'bugatti'	4
 u'countryradio'	1
 u'twixnmix'	2
 u'likeit'	1
 u'\U0001f64c\U0001f3fc'	4
 u'naughtybynature'	1
 u'tactually'	1
 u'sometimes'	75
 u'thisisnz'	2
 u'publicly'	3
 u'all'	13
 u'travelersresthere'	1
 u'disneycharacter'	1
 u'teambada'	4
 u'hamburguer'	3
 u'@silentsnake84'	1
 u'drinknyc'	1
 u'wide'	5
 u'otoh'	2
 u'29st'	2
 u'prawn'	1
 u'@greenphilart'	1
 u'additionally'	6
 u'howtomakecolajelly'	1
 u'effortlessly'	2
 u'iltipoaiutoragazzi'	1
 u'incredibly'	18
 u'guess'	1
 u'writ'	1
 u'datboi'	3
 u'eatmenot'	1
 u'compleetly'	2
 u'lelinator4ever'	1
 u'dad\U0001f602'	1
 u'south'	11
 u'missmarely'	1
 u'thailandonly'	6
 u'lucky'	1
 u'again\u201dtia'	1
 u'motogp'	1
 u'seeminly'	4
 u'@gunsbikesdaily'	1
 u'lelinatorfamily'	53
 u'so'	788
 u'proportionally'	3
 u'agordinhaperdeuojuizo'	1
 u'rockabilly'	24
 u'hellbilly'	2
 u'live'	18
 u'charliesangels'	1
 u'onlinestore'	13
 u'elevatorselfie'	1
 u'course'	28
 u'specialeffectsmakeupartist'	1
 u'accurately'	4
 u'lecrae'	1
 u'promptly'	4
 u'currently'	78
 u'madonnacd'	1
 u'@thewinetattoo'	1
 u'beforehand'	1
 u'nologo'	1
 u'kiwiana'	1
 u'holly'	1
 u'dab147315'	2
 u'directly'	32
 u'volvere'	1
 u'finally\U0001f64c\U0001f64c'	1
 u'holloweenfirst'	1
 u'availablejahakk'	1
 u'@ashleycoon'	1
 u'spiritually'	4
 u'nada'	10
 u'northeast'	2
 u'spiderlily'	1
 u'\U0001f46d\U0001f46d\U0001f46d\U0001f46d\U0001f46d\U0001f46d\U0001f46d\U0001f46d\U0001f46d\U0001f46d\U0001f46d\U0001f46d'	17
 u'n\u2019t'	6176
 u'\U0001f30e'	11
 u'cooperatively'	2
 u'instapic#igdaily'	1
 u'@jazzbass251'	1
 u'arguably'	2
 u'totally'	73
 u'frenchiepetsupply'	4
 u'shoutout'	27
 u'alllllllll'	1
 u'northamerica'	2
 u'@moneygunchicago'	1
 u'camisaxadrez'	1
 u'raulesparza'	1
 u'fitmodel'	5
 u'sickly'	10
 u'fairly'	31
 u'uruguay'	1
 u'\U0001f449\U0001f3fd'	4
 u'sort'	30
 u'environmentally'	3
 u'missourionly'	2
 u'spfriendly'	1
 u'tommyhilfigerrugby'	1
 u'@crossfit'	8
 u'inittogether'	1
 u'ultimately'	5
 u'amen\U0001f64f'	1
 u'vodka\xad-lemonade'	2
 u'junkfood'	14
 u'c25k'	1
 u'\U0001f947#swim'	1
 u'lovesicily'	1
 u'manually'	2
 u'garlicbread'	2
 u'shittingmyself'	1
 u'absoloutely'	1
 u'unsurprisingly'	2
 u'high'	11
 u'letsgosomewhere'	7
 u'enak'	1
 u'notoriously'	1
 u'@xratedwouldyourather'	2
 u'mikesinger'	6
 u'jujube'	1
 u'not'	346
 u'finely'	1
 u'mid'	1
 u'underwater'	1
 u'barelye'	2
 u'specially'	15
 u'nomondayblueshere'	1
 u'withfamily'	1
 u'asanten'	1
 u'stadefrancais'	1
 u'separately'	9
 u'vamp'	1
 u'liveauthentically'	1
 u'together\U0001f423'	1
 u'@aliphspinner'	1
 u'otaku'	18
 u"\U0001f479\U0001f43a\U0001f40ddon't"	1
 u'mitk\xf8benhavn'	1
 u'bbg'	3
 u'htc'	8
 u'smarter'	1
 u'texastattoo'	1
 u'holidaysarentcomingyet'	1
 u'correctly'	17
 u'\U0001f4ab'	2
 u'letsgetlost'	1
 u'santiago'	2
 u'manly'	2
 u'youthoughtiforgotaboutthat'	1
 u'nomakeupdontcare'	2
 u'aggressively'	6
 u'macbook'	3
 u'vendingmachinelyf'	1
 u'sprite'	23
 u'relatively'	3
 u'curlywurly'	1
 u'start\U0001f919\U0001f3fc'	1
 u'miam'	3
 u'@heikolochmann'	2
 u'fitnessloveronly'	1
 u'saturdaysarefortheboys'	2
 u'http://interbrand.com/best-brands/best-global-brands/2016/ranking/cocacola/'	1
 u'lastly'	10
 u'@get_repost'	6
 u'twitter.com/alrightiwes/st'	1
 u'videosoon'	2
 u'@timidakolo'	1
 u'gently'	11
 u'further'	2
 u'deathcore'	1
 u'beaumarly'	1
 u'videolucu'	2
 u'adaurueze'	1
 u'esp'	2
 u'hastagstopissofffamily'	1
 u'irmagoaway'	1
 u'ketchuplover'	1
 u'superhero'	16
 u'@idriveorlando'	1
 u'emogirlscene'	1
 u'canaryisland'	1
 u'aligned\U0001f30c'	1
 u'\U0001f37b\U0001f603\u0648\u062a\u0630\u0643\u0631\u0648\u0627'	1
 u'infrequently'	1
 u'nasi'	4
 u'@adria_writely_so'	1
 u'@parktavernfl'	1
 u'ishooteventstoo'	1
 u'funkofamily'	1
 u'austrianblogger'	1
 u'drastically'	2
 u'nauticalrecords'	41
 u'audilover'	1
 u'kpopidol'	2
 u'homeideas'	1
 u'metalallday'	1
 u'lunchtime'	18
 u'noir'	7
 u'purposefully'	1
 u'real'	20
 u'picsartpassion_de'	1
 u'\u2022*blueberry'	2
 u'viewsofphilly'	1
 u'tampere'	2
 u'392hemi'	1
 u'instatoys'	1
 u'\U0001f534'	1
 u'westielife'	1
 u'best'	40
 u'potentially'	7
 u'thriftyhunter'	1
 u'sweg'	1
 u'sparkly'	7
 u'metalfamily'	1
 u'meninmakeup'	2
 u'newcastlequayside'	2
 u'every'	2
 u'berrycurly'	1
 u'lolly'	4
 u'notgorgecation17'	1
 u'boisterously'	3
 u'snacklover'	1
 u'awfully'	1
 u'rnrphilly'	1
 u'presunto'	1
 u'@so.shauna'	1
 u'thrownaway'	1
 u'imbibe'	2
 u'poorly'	3
 u'hahabutnotreally'	1
 u'foodporn#mmm'	1
 u'left'	1
 u'scientifically'	1
 u'vintagekitchen'	2
 u'cocacolaenjoy'	1
 u'escanar'	1
 u'choc'	1
 u'surfersparadise'	2
 u'optoutside'	3
 u'instaday#instaphoto'	2
 u'\U0001f600-'	1
 u'oan'	1
 u'logically'	1
 u'@fm2mag'	1
 u'howphillyseesphilly'	1
 u'\U0001f951\U0001f951\U0001f951\U0001f951\U0001f951'	1
 u'@hardysubaru1970'	1
 u'super'	81
 u'wearepeople'	1
 u'qualitytimetogether'	1
 u'autumnsun'	1
 u'joergpagger'	1
 u'overwhelmingly'	2
 u'aerophile'	1
 u'beyondthescene'	1
 u'occasionally'	22
 u'automotivedaily'	1
 u'\U0001f985'	1
 u'turquoise'	10
 u'primally'	2
 u'iteachfirst'	2
 u'nocokeanywhere'	1
 u'extensively'	1
 u'nichememe'	1
 u'ontheroad'	19
 u'fresnotattoo'	1
 u'#outbacksteakhouse'	1
 u'cinemoi'	1
 u'as'	35
 u'today\U0001f388'	1
 u'igersdaily'	2
 u'allllllll'	1
 u'appreciatively'	1
 u'kosher'	2
 u'blatantly'	1
 u'varigotti'	1
 u'initially'	14
 u'#'	620
 u'byy'	2
 u'untilthatonetime'	1
 u'@bluejays'	1
 u'accidentally'	17
 u'lovely'	1
 u'funnily'	2
 u'@virginiamadueno'	1
 u'refreshmentlikenoother'	1
 u'punknotdead'	1
 u'se4'	1
 u'aboard'	1
 u'swfamily'	53
 u'exactly'	1395
 u'meticulously'	4
 u'favorito'	1
 u'hard'	70
 u'massively'	5
 u'thermaset'	1
 u'onemoredaytogo'	1
 u'dually'	2
 u'admittedly'	1
 u'parentinghonestly'	1
 u'name_unknown'	2
 u'silkendolly'	1
 u'notearstuesdaytattoo'	1
 u'moparsonly'	1
 u'altogether'	13
 u'snarkly'	1
 u'createandexplore'	2
 u'nwiseniorphotographer'	1
 u'wit'	2
 u'however'	104
 u'elkriver'	1
 u'n-'	2
 u'positively'	2
 u'tribearchipelgo'	2
 u'eventually'	38
 u'bosslady'	3
 u'wedead'	1
 u'jemmah'	1
 u'strangely'	3
 u'finally'	228
 u'nos'	10
 u'vss236\U0001f4e3\U0001f4e3'	1
 u'chrome'	1
 u'a3c'	12
 u'longest'	1
 u'\U0001f1e9\U0001f1f4'	1
 u'cocacolapitcher'	1
 u'antoj\xf3'	1
 u'@real_rkelly'	2
 u'naturallight'	4
 u'twitter.com/jodzio/status/'	14
 u'bokeria'	1
 u'\U0001f61e\U0001f61e\U0001f61e'	1
 u'yea'	3
 u'comely'	1
 u'hot'	1
 u'honeymustard'	1
 u'\U0001f60d\U0001f600\U0001f484'	1
 u'd\xfcnyam\u0131z\u0131koruyal\u0131m'	1
 u'dolly'	1
 u'emocouple'	1
 u'pug_puppy_insta'	1
 u'vscolove'	2
 u'@laliespositoo'	1
 u'newblogpost'	1
 u'seattleseahawks'	1
 u'abroad'	6
 u'butnotreally'	1
 u'givememore'	1
 u'jordandaily'	5
 u'buyselltrade'	2
 u'image-7493'	2
 u'sisi'	2
 u'notanad'	2
 u'\ufe0f#vintagepyrex'	1
 u'igersoftheday'	10
 u'@jayjayrusso'	1
 u'\U0001f4b7'	1
 u'loveexercise'	1
 u'weekendaway'	3
 u'ispleten'	1
 u'incidentally'	1
 u'momentdaily'	1
 u'oneandonly'	1
 u'merely'	8
 u'holocaust'	1
 u'staystrong'	1
 u'unreasonably'	1
 u'quickly'	52
 u'hannover'	3
 u'quasi'	4
 u'@realdonaldtrfan'	1
 u'sheepishness'	1
 u'jugos'	1
 u'ugh'	1
 u'sharp;two'	1
 u'vscomood'	2
 u'http://bit.ly/2hwbmcj'	1
 u'havetothinkofacleverhashtag'	1
 u'sarahfisher'	3
 u'thief\U0001f63a'	1
 u'\U0001f4e2'	1
 u'intermittently'	4
 u'imperfectly'	1
 u'mum'	1
 u'nycprime_ladies'	1
 u'hitsong'	1
 u'@vashtiroebuck1'	1
 u'lovethemreally'	1
 u'dearly'	1
 u'superbly'	1
 u'soberaf'	3
 u'nightout'	1
 u'\ufe0fthank'	2
 u'rn'	1
 u'igersmaroc'	1
 u'@brookebutler'	3
 u'mastercard'	2
 u'igerstampere'	2
 u'segagamegear'	1
 u'htx'	4
 u'leicam6'	1
 u'virginas'	1
 u'drinkresponsibly'	3
 u'travel#hypeberk'	1
 u'militaryfamily'	1
 u'pleastantly'	1
 u'istilldrinkmorewater'	1
 u'topimpabutterfly'	1
 u"fat(i'm"	2
 u'matte'	1
 u'weekendfunspilledover'	1
 u'vsco_cam'	2
 u'butshegowastoofiretoo'	1
 u'\U0001f64c\U0001f3fd\U0001f984\U0001f388\U0001f493'	2
 u'well'	1
 u'notashamedofwhoiam'	1
 u'trex'	1
 u'thatisforjoe'	2
 u'@'	1
 u'tram28'	1
 u'icecreamlover'	1
 u'russiangirl'	1
 u'cardiotime'	2
 u'\U0001f602\U0001f602'	10
 u'annually'	9
 u'burguersartesanais'	1
 u'continously'	1
 u'vscomag'	5
 u'loveu'	7
 u'alohaporg'	1
 u'effectively'	9
 u'anothermeme'	2
 u'youtu.be/dfi_wahubay'	6
 u'vscodaily'	7
 u'vaguely'	2
 u'vanillaandlime'	1
 u'\U0001f4af\U0001f60f\U0001f64c'	1
 u'atlphotographer'	1
 u'shrimpstirfry'	1
 u'royalmelbourneshow'	1
 u'versatile'	1
 u'oz'	3
 u'nightsnack'	1
 u'notably'	1
 u'mom#young#beautiful#pretty#girl#blonde#blondegirl#woman#blondie#london#red#jacket#redjacket#lipstick#red#redlipstick#happy#behappy#loveyourself'	1
 u'drivetastefully'	1
 u'tacosesh'	2
 u'buzzard'	10
 u'\ufe0f\U0001f3c6'	1
 u'acqua'	2
 u'swiftly'	4
 u'quenchthethirst'	1
 u'amicoolyet'	1
 u'next'	6
 u'glaringly'	2
 u'igers_philly'	2
 u'\u2764'	11
 u'solohunter'	1
 u'\U0001f1f3\U0001f1f4'	1
 u'astonishingly'	1
 u'@food24'	2
 u'baymax'	3
 u'mutually'	10
 u'everydayegypt'	1
 u'fine'	16
 u'aslamfamily'	2
 u'destapalafelicidad'	2
 u'amusingly'	1
 u'kicksdaily'	1
 u'catchily'	3
 u'http//www.voicesbycornelia.com'	2
 u'pinkstuff'	1
 u'spotlessly'	1
 u'healthily'	2
 u'njhandm'	1
 u'@cmpeacefully'	1
 u'theluckybelly'	1
 u'philly'	12
 u'fuckyou'	3
 u'w\xfcrdet'	28
 u'apart'	38
 u'@mitchellyoung19'	1
 u'awkwardly'	5
 u'twdaoa'	2
 u'bigben'	4
 u'\U0001f525#lightitup'	1
 u'perhaps'	17
 u'@feetgreasesdady'	2
 u'dontcheatformonthsthencheatfor7days'	1
 u'purely'	13
 u'tearfully'	1
 u'profitably'	16
 u'plenty'	1
 u'hardest'	1
 u'yyz'	1
 u'cloudly'	1
 u'golfposer'	1
 u'backyard'	2
 u'judgeme'	1
 u'away\u2019'	6
 u'slimegiveaway'	1
 u'needed\U0001f330'	1
 u'ogbapetalk'	1
 u'\U0001f3fe'	2
 u'blank'	1
 u'tiredly'	1
 u'alongtimeago'	1
 u'trashcan'	1
 u'gladly'	6
 u'asiago'	1
 u'drink#lachispadelavida'	1
 u'prior'	11
 u'tatoo'	6
 u'monobeartheater'	1
 u'\U0001f3c8'	1
 u'mividaesuntrip'	2
 u'how'	2810
 u'\U0001f629\U0001f629'	1
 u'newinstapost'	1
 u'jim_meme'	1
 u'certainly'	46
 u'seemingly'	7
 u'likely'	23
 u'onlycokezero'	2
 u'ol\xe9'	1
 u'mitsubishi'	1
 u'newsdaily'	2
 u'jacksonvillefamilyphotographer'	1
 u'appropriately'	2
 u'landscapehunter'	1
 u'\U0001f374d'	1
 u'yummy'	2
 u'hsy'	3
 u'promo'	3
 u'hiw'	2
 u'theknot'	3
 u'@earthpix'	1
 u'ihnl'	1
 u'palapeli'	1
 u'@baconbutty'	1
 u'belvedere'	2
 u'briskly'	1
 u'fully'	42
 u'svetabily'	1
 u'geldsparen'	1
 u'motd'	1
 u'exhaustively'	6
 u'wonderfully'	4
 u'seriosuly'	1
 u'rememberwhen'	1
 u'usher'	1
 u'ily'	10
 u'nomoretruckerbody'	1
 u'tfw'	1
 u'ahhhhh'	1
 u'\u0432\u044b\u0441\u0442\u0430\u0432\u043e\u0447\u043d\u044b\u0439\u0434\u0438\u0437\u0430\u0439\u043d'	1
 u'vwbug'	7
 u'gsgdaily'	2
 u'durstl\xf6scher'	1
 u'ussr'	1
 u'artificially'	1
 u'delicately'	5
 u'\U0001f47f'	1
 u'communityfirst'	1
 u'underway'	3
 u'nationalguard'	1
 u'ratrod504'	2
 u'salmonsushi'	2
 u'bookusnow'	1
 u'bartsimpson'	1
 u'xiomara'	1
 u'extremely'	45
 u'inadvertently'	1
 u'adolescente'	1
 u'impeccably'	1272
 u'storytime'	2
 u'_'	4
 u'feminine'	1
 u'@carlosord05'	1
 u'\U0001f44b\U0001f3fdjust'	1
 u'downstairs'	12
 u'stillll'	2
 u'latinagirl'	1
 u'sugarfreejelly'	1
 u'r1776u'	1
 u'nightime'	2
 u'hdriphoneographer'	1
 u'bgse'	1
 u'\U0001f918\U0001f3ff\U0001f61d'	1
 u'size00'	2
 u'undizfamily'	1
 u'haha'	1
 u'6:20am'	1
 u'\U0001f616\U0001f637'	1
 u'temannaura'	2
 u'shoppingbarra'	1
 u'@joonieverse'	3
 u'slower'	3
 u'overseas'	5
 u'\U0001f4e7info@in'	1
 u'rm45'	1
 u'weird'	1
 u'backwards'	5
 u'livebeautifully'	1
 u'now\U0001f602'	1
 u'worst'	2
 u'\U0001f60d\U0001f44c\U0001f933\U0001f1eb\U0001f1ef'	1
 u'reasonably'	2
 u'https://www.forbes.com/sites/willburns/2017/09/27/coke-and-ea-sports-conspire-a-15-hour-brand-experience-for-gamers/'	1
 u'killemwithkindness'	11
 u'fortunately'	8
 u'vtgstore'	1
 u'americanclassic'	1
 u'mfwss18'	4
 u'allenpierphotography'	2
 u'analysiscomputer'	1
 u'pks'	3
 u'alike'	5
 u'clear'	2
 u'\U0001f389\U0001f603'	1
 u'untilnexttime'	2
 u'better'	215
 u'newshow'	1
 u'ketogenic#ketofam#ketofamily'	1
 u'onplan'	1
 u'nationwide'	1
 u'noitsnot'	2
 u'ok'	5
 u'childrensphotographer'	1
 u'noway'	2
 u'doubt'	8
 u'@slimeylollly'	1
 u'understandably'	1
 u'\U0001f354\U0001f354\U0001f354\U0001f354\U0001f354#newenglandlobstercompany'	1
 u'tonicwater'	1
 u'\U0001f5a4\U0001f43e\U0001f43b'	1
 u'oph'	1
 u'quito'	1
 u'rightfully'	1
 u'nonetheless'	5
 u'@gallerylemmetti'	1
 u'nowadays'	9
 u'sloppily'	1
 u'anywhere'	8
 u'astoundingly'	2
 u'zlatnadzezva'	1
 u'ncaa'	1
 u'onmyway'	1
 u'afterward'	2
 u'consciously'	1
 u'moderately'	3
 u'kingsavenuemall'	1
 u'colnago'	1
 u'truthfultuesdays'	4
 u'instabaku'	2
 u'animetextpost'	1
 u'normally'	51
 u'@enajstenajst'	1
 u'sangria'	3
 u'tomhollandtoo'	1
 u'far'	187
 u'vscoonly'	2
 u'besttattoo'	1
 u'lately'	22
 u'laceddifferently'	1
 u'lockoutinheaven'	1
 u'igersok'	1
 u'votenow'	1
 u'ryan'	10
 u'earnestly'	1272
 u'miraculously'	2
 u'vegasready'	1
 u'illegally'	211
 u'\U0001f4cdwhere'	2
 u'fenway'	4
 u'jrb'	1
 u'accordingly'	2
 u'@otaquest'	1
 u'moreover'	2
 u'\ufe0f60'	1
 u'freshen'	1
 u'rada'	1
 u'omnomnom'	1
 u'\ufe0f\U0001f5e3'	1
 u'\U0001f388#cocacola'	1
 u'eatmontpellier'	2
 u'playmobilcatalunya'	1
 u'superbargain'	1
 u'seetorontonow'	1
 u'universityofthewestofengland'	2
 u'iit'	1
 u'gratefully'	1
 u'bloggerdaily'	1
 u'ow'	1
 u'allreadytogo'	1
 u'amma'	1
 u'typically'	5
 u'sumptuous\U0001f35b\U0001f357\U0001f377@genesisfnb'	1
 u'todoesmasfacildeloqueparece'	1
 u'telekom'	1
 u'siguemeytesigo'	2
 u'\U0001f47b\U0001f383'	2
 u'@airplanesdaily'	1
 u'rocknrollphilly'	1
 u'bbb'	1
 u'followformemesdaily'	1
 u'immediately'	113
 u'kalavkav'	2
 u'\U0001f60d\U0001f4a5'	1
 u'selenatorsfamily'	3
 u'politely'	5
 u'\xe7ay'	1
 u'worldcup2018'	1
 u'eachother'	2
 u'r.kelly'	2
 u'dangerously'	1
 u'definitely'	173
 u'outright'	4
 u'independently'	4
 u'sadly'	19
 u'weeaboo'	1
 u'nearly'	71
 u'streetart_daily'	2
 u'nederland'	1
 u'jubelmag'	1
 u'soundmixer'	1
 u'instdadaily'	1
 u'thingstodoinutah'	1
 u'n'	1
 u'@jeezy'	1
 u'trippin'	1
 u'atlanta--(business'	1
 u'ever'	31
 u'nice#pretty'	1
 u'oceanshitty'	2
 u'twice'	37
 u'unfavorably'	1
 u'sundae'	6
 u'ariel'	2
 u'ladakh'	1
 u'last'	1
 u'loveintentionally'	3
 u'anonymously'	1
 u'voluntarily'	1
 u'rzrdaily'	1
 u'@keyshot3d'	2
 u'inportantly'	2
 u'down'	7
 u'\U0001f61b'	1
 u'\U0001f42f\U0001f4aa\U0001f3fc'	1
 u'definatly'	3
 u'overboard'	2
 u'ontrack'	1
 u'approximately'	49
 u'memeshourly'	2
 u'momentarily'	2
 u'achievinghumbly'	1
 u'generously'	2
 u'oldstore'	4
 u'\U0001f917\U0001f49c#interiordesign'	1
 u'@canonuk'	1
 u'billboard'	14
 u'venti'	1
 u'italianmaninuk'	1
 u'notafan'	2
 u'prank'	2
 u'@atticuscousland'	1
 u'fountainonly'	1
 u'onlyinphiladelphia'	1
 u'heavier'	1
 u'unusually'	3
 u'presently'	30
 u'goldfinger'	1
 u'happybelly'	1
 u'\U0001f60d\U0001f60d'	12
 u'goldenretriever'	5
 u'lll'	1
 u'worse'	5
 u'factsonly'	3
 u'squidward'	2
 u'categoria'	1
 u'\U0001f605\U0001f60f\U0001f60e\U0001f913\U0001f914\U0001f915'	1
 u'sandwichdepollo'	1
 u'ficar\xe3o'	3
 u'otherwise'	6
 u'foremost'	2
 u'\U0001f616#donttrythebeverly'	1
 u'tunasandwich'	1
 u'medicina'	1
 u'fl'	1
 u'underarmor'	5
 u'strictly'	9
 u'alldayyoumay'	1
 u'smoother'	6
 u'routinly'	1
 u'safely'	8
 u'fashionshow'	5
 u'holidayready'	2
 u'strongly'	7
 u'\U0001f44c\U0001f3fb\U0001f355'	1
 u'wwfamily'	11
 u'passionately'	11
 u'classicsdaily'	1
 u'dyepotweekly'	2
 u'quenchingthethirst'	1
 u'\U0001f37e\U0001f51d\U0001f51d\U0001f51d\U0001f37e'	1
 u'syn'	24
 u'starbucks'	45
 u'ok_granada'	1
 u'cuy'	1
 u'\U0001f61c\U0001f37b'	1
 u'livelifefully'	1
 u'beachready'	1
 u'@dolphindoc12'	1
 u'early'	37
 u'interestingly'	1
 u'purrlust'	2
 u'fujifilmxt10'	1
 u'kondisi'	2
 u'precisely'	1
 u'deceptively'	1
 u'desperately'	5
 u'sportcola'	1
 u'teammotherly'	1
 u'loosely'	1
 u'\u2022guy'	8
 u'notchristmasyet'	1
 u'ither'	2
 u'ironically'	13
 u'chicago'	1
 u'cocacolaiseverywhere'	1
 u'courteously'	1272
 u'thatfirstsipgavemelife\U0001f62c\U0001f62c\U0001f62c'	2
 u'mindlessly'	1
 u'\U0001f4f1'	6
 u'waaay'	1
 u'consistently'	10
 u'olympics2012'	1
 u'oldtownstore'	6
 u'bit'	1
 u'prematurely'	1
 u'ecexperience'	1
 u'happyrunner'	1
 u'never'	125
 u'doesnt'	2
 u'alternatively'	4
 u'colacan'	1
 u'wholefoodsmontgomery'	1
 u'artfully'	1
 u'galexy7'	1
 u'nailitdaily'	1
 u'rubbery'	1
 u'bnw_hub'	1
 u'\U0001f600\U0001f37a\U0001f37a'	1
 u'nicely'	17
 u'furthermore'	7
 u'actually'	396
 u'excessively'	27
 u'hmua'	2
 u'@sb_production6'	1
 u'heavenly'	2
 u'\ufe0f\U0001f37f\U0001f579'	1
 u'hiddensugar'	1
 u'generically'	9
 u'vapefamily'	4
 u'colorfully'	2
 u'whyshrinksomuch'	3
 u'isitfridayyet'	2
 u'thessaloniki'	4
 u'imugly'	2
 u'slowly'	38
 u'livefully'	1
 u'fuck'	2
 u'@showerthoughtsdaily'	1
 u'-only'	1
 u'solidly'	10
 u'iv'	2
 u'lanaislife'	3
 u'whenever'	6
 u'clothes#trasher'	1
 u'@chooselily'	1
 u'molly'	9
 u'livecolorfully'	9
 u'@princesss_dolly'	1
 u'he\u2018s'	1
 u'\u2022n'	1
 u'babka'	1
 u'specifically'	27
 u'theoneandonly'	2
 u'indomienigeria'	1
 u'foodfamily'	2
 u'when'	492
 u'ujelly'	1
 u'dietcoketoo'	1
 u'@taylorswift13'	1
 u'surpriselily'	1
 u'thewayiam'	1
 u'goodvibesonly'	8
 u'foodinspo'	1
 u'kkashy'	1
 u'lovemypet'	1
 u'fancier'	1
 u'rather'	7
 u'archidaily'	2
 u'\U0001f388#youllfloattoo'	1
 u'new"coke"glass'	1
 u'aeroheavenly'	1
 u'livepositively'	1
 u'cw'	1
 u'largely'	6
 u'yogamat'	4
 u'virtually'	7
 u'sincerely'	1
 u'globally'	2
 u'\uadfc\uad50\uc5ec\ud589'	1
 u'no.1'	1
 u'uniquetreasures1'	3
 u'featcbphilly'	1
 u'@comcastroshow'	1
 u'@____arigonz015'	1
 u'errejota'	2
 u'anyways'	10
 u'blissfully'	1
 u'\U0001f629\U0001f494'	1
 u'royalfamily'	2
 u'josephineskriver'	22
 u'\U0001f3c8\U0001f405\U0001f49c'	1
 u'mass'	1
 u'vlogger'	10
 u'kindly'	9
 u'fashionbeard'	1
 u'foodie#onplan'	1
 u'accordingtomyreportcard'	1
 u'leica'	5
 u'stdenis'	1
 u'\ua329\ua0a6\ua00e\ua2ea'	1
 u'mover'	1
 u'@visitphilly'	1
 u'\U0001f4af'	19
 u'thewestindiansarehere'	2
 u'\U0001f34e@karen.says'	1
 u'taschenuhren'	2
 u'ascetically'	1
 u'@regrann'	1
 u'\U0001f4cd'	1
 u'@fusionfest'	1
 u'muffin'	13
 u'nobodyfuckingspellsitthatway'	1
 u'\U0001f3cc\U0001f3fc'	1
 u'okay'	2
 u'@jaypegg'	1
 u'historically'	4
 u'bout'	2
 u'petsdaily'	1
 u'\U0001f620\U0001f620.'	1
 u'burritofamily'	1
 u'aviationdaily'	1
 u'ni'	1
 u'thelimeoneisbetter'	1
 u'womeninbusiness'	1
 u'commercially'	1
 u'freshly'	5
 u'santamaria'	2
 u'weddingdress'	1
 u'afterwards'	2
 u'ondo'	3
 u'\U0001f61a\U0001f602\U0001f918'	1
 u'realistically'	1
 u'tasteofchicago'	1
 u'visitphilly'	1
 u'starwarstattoo'	1
 u'vscolover'	1
 u'in\U0001f648'	1
 u'cleariceonly'	1
 u'often'	5
 u'abc'	2
 u'youbetterbelizeit'	1
 u'owl'	2
 u'inti'	6
 u'cocacolanederland.nl/stories/betere'	1
 u'fthere'	9
 u'sooooo'	1
 u'buttery'	2
 u'bully'	3
 u'here\U0001f60a\U0001f609'	1
 u'@500daysoffilm'	1
 u'errl'	2
 u'preferably'	10
 u'mormon'	5
 u'anti'	27
 u'halfway'	8
 u'\ufe0f\U0001f44c\U0001f3fb'	4
 u'occassionally'	1
 u'\U0001f629'	1
 u'jordansdaily'	9
 u'wanna'	29
 u'wmnworkout'	1
 u'israel'	1
 u'internally'	2
 u'deeper'	1
 u'seductively'	5
 u'\u043f\u043e'	2
 u'\u263e'	1
 u'@skratchdaily'	1
 u'texturally'	1
 u'almostthere'	1
 u'sry'	1
 u'grays'	1
 u'unhealthily'	1
 u'igersjp'	2
 u'someday'	11
 u'aw17'	2
 u'\U0001f44c\U0001f3fb\U0001f525'	1
 u'screencap'	3
 u'honestly'	1466
 u'fremmedsprak'	1
 u'slimmingworldjourneyuk'	1
 u'surgically'	1
 u'diamoci'	1
 u'vapecitra'	1
 u'later'	133
 u'baltimoremua'	1
 u'west'	2
 u'ohmymag'	1
 u'amomuitotudoisso'	1
 u'nobodyhome'	1
 u'springdays'	1
 u'hypebeastdaily'	1
 u'\U0001f30d\U0001f379(where'	1
 u'happily'	15
 u'tremendously'	2
 u'freepeople'	3
 u'mindfully'	1
 u'\U0001f446\U0001f3fd\U0001f446\U0001f3fd'	1
 u'conversely'	7
 u'shootingvideo'	1
 u'graciously'	1
 u'weightwatchersfamily'	1
 u'gingercat#greycat#silvercat#orangecat#cuteanimals#cutecats#cardboardbox#cocacola#crazycats#twdfamilycats#twdfamily'	1
 u'nwiphotographer'	1
 u'r4r'	11
 u'ketofamily'	4
 u'@livelovelebanon'	1
 u'toearly'	1
 u'instead'	417
 u'meeruresort&spa'	1
 u'lastnight'	1
 u'ekkaka'	1
 u'structurally'	1
 u'bye'	3
 u'\u2022cannot'	1
 u'@sportsfile'	2
 u'once'	19
 u'355ml'	7
 u'rapidly'	12
 u'texasforever'	2
 u'imissmissinyou'	1
 u'shopee'	48
 u'femaledj'	3
 u'twitter.com/ltskermlt/stat'	1
 u'reaaaaally'	1
 u'doujinshi'	1
 u'principally'	9
 u'lego_hub'	1
 u'\U0001f1fa\U0001f1f8\U0001f3d9'	1
 u'normanikordei'	1
 u'movingforward'	2
 u'fuscarust'	1
 u'purposely'	1
 u'habitually'	1
 u'essentially'	10
 u'universalstudiososaka'	1
 u'adultingishard'	1
 u'ebayhustle'	1
 u'joya'	1
 u'jayandsilentbob'	1
 u'bellysbeatboobs'	1
 u'metalgirlsdoitbetter'	1
 u'regular'	1
 u'forward'	62
 u'\U0001f60d\U0001f60d\U0001f60d\U0001f60d\U0001f60d\U0001f60d\U0001f60d'	1
 u'afcwest'	1
 u'addy'	1
 u'huawie'	2
 u'close'	30
 u'littlegirl'	1
 u'itsmorefunthisway'	1
 u'everywhere'	10
 u'schl\xfcrf'	1
 u'musically'	26
 u'btscomeback'	3
 u'jordan1chicago'	1
 u'\U0001f60f'	3
 u'intellectually'	1
 u'oxnard'	2
 u'ywg'	1
 u'@dreamchasersbrewery'	1
 u'red#girl#model#feet#cute#loveit#instadaily'	1
 u'off\U0001f629'	1
 u'\U0001f4aa\U0001f602'	1
 u'braziliangirl'	2
 u'on-'	1
 u'fitfamily'	2
 u'hightimes'	2
 u'disgustingly'	1
 u'bhgfood'	1
 u'sooner'	13
 u'liberally'	1
 u'foodbully'	1
 u'@respublica_crimea'	1
 u'sharklover'	1
 u'waynesboroga'	1
 u'\ufe0f\U0001f44b\U0001f3fd\U0001f49b#towel'	1
 u'denier'	1
 u'instafamily'	4
 u'isithardwateryet'	1
 u'tomorrowland'	1
 u'@ebethharlow'	1
 u'easily'	96
 u'jetsetter'	1
 u'\ufe0f\U0001f61d'	1
 u'ig_romania'	2
 u'happygirl'	5
 u'@photonarz'	1
 u'dachshundsdaily'	1
 u'digitally'	1
 u'syncount'	3
 u'distinctly'	1
 u'mybodyisready'	1
 u'clevelandphotographer'	1
 u'baliguide'	1
 u'speedfirst'	1
 u'oldtimer'	1
 u'jilly'	2
 u'@acmairchartermarket'	1
 u'bpm'	1
 u'sonycanada'	1
 u'\U0001f64cwho'	1
 u'asap'	27
 u'excitedly'	1
 u'youube'	1
 u'sellout'	5
 u'ifoundonefinally'	1
 u'dally'	2
 u'longer'	123
 u'amm'	2
 u'mediacityuk'	1
 u'upstairs'	4
 u'justcasually'	1
 u'hopelessly'	4
 u'powerbelly'	2
 u'macleansmag'	5
 u'faster'	17
 u'zinfandel'	1
 u'john5'	1
 u'weouthere'	2
 u'vintage70s'	1
 u'@dulfsburger'	1
 u'@miniktty'	1
 u'thriftfind'	1
 u'soon'	196
 u'cordura'	1
 u'majorly'	4
 u'devilishly'	1
 u'vastly'	1
 u'casually'	3
 u'silently'	1
 u'\U0001f37b\U0001f37b'	1
[u'jelly'	1
 u'fb'	3
 u'too'	42
 u'curiously'	2
 u'iteachtoo'	2
 u'travelfamily'	1
 u'selenalareina'	1
 u'\U0001f305'	7
 u'iwastherethentoo'	1
 u'absolutely'	105
 u'severely'	3
 u'tryna'	2
 u'@rashdotinc'	1
 u'@pugsloveronly'	1
 u'@crabbiesuk'	1
 u'negatively'	1
 u'cocacoladevenezuela'	1
 u'more'	27
 u'wincentweissfamily'	1
 u'@ellarae_rae'	1
 u'icarly'	2
 u'downright'	1
 u'retroactively'	1
 u'orlandoart'	1
 u'chocolatelover'	1
 u'decreasingly'	2
 u'molnargergely'	1
 u'unbelievably'	2
 u'\U0001f3fc\U0001f64c\U0001f3fc\U0001f44f\U0001f3fc\U0001f917'	1
 u'shortnailsneedlovetoo'	1
 u'@dkpower961'	1
 u'onlysometoxinsallowedinthistemple'	1
 u'\U0001f354\U0001f374#mallorca'	1
 u'\U0001f3ac\U0001f374'	2
 u'kind'	52
 u'daily'	86
 u'completely'	92
 u'@solarphii'	3
 u'@knit_british'	3
 u'underneath'	8
 u'loveabully'	1
 u'liveadventurously'	1
 u'maybe'	1531
 u'uchucuta'	1
 u'notyouraverageantiquestore'	1
 u'@cocacolafr'	9
 u'bossfamily'	1
 u'gotitfrommymama'	1
 u'versa'	2
 u'somewhere'	1
 u'glassesgirl'	1
 u'jj'	1
 u'terribly'	5
 u'inskidwetrust'	1
 u'#drinkup'	2
 u'#cocacolalatvia'	1
 u'simple'	3
 u'irrationally'	1
 u'loyaltymakesyoufamily'	1
 u'yesnomaybe'	1
 u'teulada'	1
 u'of'	22
 u'organically'	1
 u'endlessly'	3
 u'addidas'	2
 u'consequently'	6
 u'iphoneonly'	27
 u'filipinofamily'	1
 u'nyc'	109
 u'li\xean'	1
 u'\U0001f389hopefully'	1
 u'\U0001f4a9\U0001f4a9\U0001f602\U0001f602\U0001f1e9\U0001f1ea\U0001f1e9\U0001f1ea'	1
 u'acworth'	5
 u'alleyways'	1
 u'wavy'	4
 u'eloquently'	4
 u'vapedaily'	4
 u'nuutaj\xe4rvi'	1
 u'vscofamily'	1
 u'thriftstore'	9
 u'blackhair'	10
 u'lilly'	1
 u'pyeongchang2018'	8
 u'srsly'	1
 u'cashonly'	1
 u'@hjohnfsommelier'	1
 u'always'	126
 u'overall'	18
 u'straight'	45
 u'william'	1
 u'isitmayyet'	1
 u'\ufe0f\U0001f60d'	3
 u"o'neil"	1
 u'takemeseriously'	1
 u'heckin'	1
 u'trancefamily'	1
 u'irrespective'	2
 u'\U0001f37e\U0001f36d'	1
 u'myfitnessfamily'	1
 u'instagramdaily'	3
 u'ahead'	32
 u'basically'	67
 u'helpinghandtrust'	4
 u'still'	68
 u'custom'	1
 u'practically'	9
 u'negrocrespo'	1
 u'jku'	1
 u'damn'	22
 u'negenduust'	1
 u'egypt'	1
 u'yet'	9
 u'christopher'	1
 u'ass'	6
 u'orderinf'	1
 u'bruxelliousgriffon'	1
 u'imfinally'	4
 u'slimmingworldjourney#slimmimgworldfamily'	1
 u'ushighway'	1
 u'carolinebugten'	4
 u'higher'	1
 u'theviewfromhere'	1
 u'@cocacolapolska'	2
 u'nuit'	1
 u'\u0644\u0628\u0646\u0627\u062a'	1
 u'disneyside'	12
 u'\u2022absolutely'	2
 u'bottlecap'	10
 u'dandiliontattoo'	1
 u'affair_weekly'	1
 u'beverly'	1
 u'\U0001f4aa\U0001f3fc'	2
 u'\U0001f61a\U0001f495'	1
 u'firmly'	3
 u'unconsciously'	6
 u'north'	4
 u'nigger'	1
 u'fruitsalad'	1
 u'24hrs'	2
 u'homemadecocacolajelly'	1
 u'cupcakevineyards'	1
 u'\U0001f60d@nix1927'	1
 u'thick'	1
 u'\U0001f3c3\u200d'	1
 u'texasmonthly'	1
 u'wanderlust'	104
 u'basicdaily'	1
 u'pizzadaily'	1
 u'by_\u044f'	1
 u'\u2600'	45
 u'foratemer'	1
 u'@fact.pro'	1
 u'ifbbfamily'	1
 u'aight'	3
 u'redlight'	1
 u'therefore'	19
 u'vintageeverywhere'	2
 u'horlogery'	1
 u'caffeinedaily'	2
 u'together'	15
 u'masterchef'	1
 u'tlvdaily'	1
 u'westtownchicago'	1
 u'equally'	15
 u'jualyeezyboost'	4
 u'dashain'	1
 u'unquestionably'	1
 u'slimmingworldfamily'	79
 u'\U0001f60d\U0001f60d\U0001f60d\U0001f60d\U0001f60d\U0001f60d\U0001f60d\U0001f60d\U0001f60d\U0001f60d\U0001f60d'	1
 u'newmodel'	1
 u'imo'	11
 u'religiously'	2
 u'farther'	1
 u'highly'	61
 u'meath'	6
 u'factsdaily'	1
 u'darkly'	1
 u'notasodadrinker'	1
 u'partly'	7
 u'@shubhamgarg95'	1
 u'bitchen\u2019'	2
 u'inmybelly'	2
 u'productively'	1
 u'landofthelongwhitecloud'	2
 u'about'	12
 u'forallyouknow'	1
 u'cuddly'	2
 u'goodbivesonly'	1
 u'wheely'	1
 u'norainyet'	1
 u'subtly'	2
 u'sicily'	7
 u'@animelately'	1
 u'hahahah'	1
 u'@discoverhongkong'	2
 u'visualsofearth'	4
 u'chronically'	1
 u'@aye_ira'	1
 u'no'	24
 u'aimlessly'	1
 u'spraydaily'	1
 u'season1718'	1
 u'vwfamily'	7
 u'late'	48
 u'frikadelspeciaal'	1
 u'deliberatelly'	2
 u'kolkata'	1
 u'fc'	5
 u'carolinamoon'	2
 u'photodaily'	8
 u'abnormally'	3
 u'@aapestore'	4
 u'ithinknot'	1
 u'universally'	9
 u'happysoul'	1
 u'@soleil_arev'	1
 u'considerably'	1
 u'cheaper'	4
 u'round'	18
 u'intensely'	1
 u'this\U0001f44c\U0001f3fb'	1
 u'orlandomom'	1
 u'besides'	2
 u'supposedly'	14
 u'depressedly'	6
 u'\U0001f354\U0001f35f#mondayonly'	1
 u'quavo'	1
 u'watcher'	1
 u'sugarbegone'	1
 u'remarkably'	2
 u'nutritionistinpolicy'	1
 u'blok'	1
 u'deliciously'	3
 u'abreakfastsalad'	1
 u'anstyhill'	1
 u'sibelius'	2
 u'usually'	150
 u'butter(not'	2
 u'thaiinstocholm'	1
 u'reigningchamp'	3
 u'mombelly'	1
 u'tattoo'	90
 u'slow'	8
 u'competitively'	1
 u'overly'	10
 u'hotasamf'	1
 u'regretfully'	1
 u'outout'	2
 u'tb#picoftheday'	1
 u'newbornphotographer'	2
 u'dang'	1
 u'individually'	3
 u'ultra'	1
 u'partially'	8
 u'7up'	1
 u'@hotfiredejorjay'	1
 u'fqsc#dh'	1
 u'@sarahscreativekitchen'	1
 u'desierto'	2
 u'alfakher'	2
 u'proudly'	12
 u'@ollydawesome'	1
 u'beyondtype1daily'	1
 u'\U0001f914#sus'	1
 u'waytoearly'	1
 u'theofficialcocacolalondoneye'	2
 u'livehappilly'	2
 u'vaughanphotographer'	1
 u'lhdc'	2
 u'warhol'	2
 u'easy'	4
 u'wwigfamily'	1
 u'@zucainc'	1
 u'buildingabrandasgoodascoke'	1
 u'chemically'	1
 u'kithmiami'	1
 u'whatthehack'	1
 u'derisively'	1
 u'\U0001f919\U0001f3fd\U0001f919\U0001f3fd'	1
 u'jokingly'	1
 u'differently'	2
 u'swprep'	1
 u'listenout'	1
 u'antiquecocacola'	1
 u'creatively'	2
 u'squeezably'	1
 u'that'	2
 u'\u043a\u0440\u0430\u0441\u043d\u0430\u044f\u043f\u043b\u043e\u0449\u0430\u0434\u044c'	1
 u'coronatattoo'	1
 u'ontheroadagain'	1
 u'daysgoneby'	3
 u'slimmingworldukfamily'	3
 u'epic'	1
 u'energetically'	1
 u'\U0001f377\U0001f37d'	1
 u'mentaltoughness'	1
 u'\U0001f37ffamily'	1
 u'owocowe'	1
 u'fundamentally'	2
 u'universityofexeter'	2
 u'unpleasantly'	2
 u'challengersonly'	1
 u'saturdayafternoon'	1
 u'mixcloud'	4
 u'refreshingly'	2
 u'readystockoc'	1
 u'\U0001f379\U0001f379'	1
 u'mumbai'	1
 u'hearttattoo'	4
 u'livecreatively'	1
 u'evidently'	3
 u'streettogether'	2
 u'woefully'	1
 u'\ufe0fa'	2
 u'vehemently'	1
 u'bodysuit'	1
 u'closely'	12
 u'bluejaysway'	1
 u'modernartgallery'	2
 u'burrito'	3
 u'iloveit'	5
 u'delightfully'	3
 u'cocacolapleasesponsormeiloveyou'	1
 u'firstly'	6
 u'l\xe4nderspiel'	1
 u'yttuescfpro'	1
 u'\U0001f60e\U0001f3b7'	1
 u'blackandwhiteonly'	9
 u'praha'	2
 u't.e.t'	1
 u'again'	31
 u'actuqlly'	3
 u'hangout'	1
 u'yleo'	2
 u'hstakeover'	3
 u'\U0001f634'	2
 u'yepstillugly'	1
 u'free'	1
 u'socialmediastrategy'	1
 u'housebunny'	1
 u'really'	49
 u'o.'	1
 u'@youtube'	1
 u'wearethestreet'	3
 u'westgermanpottery'	1
 u'nobooze'	2
 u'criminally'	1
 u'blokovi'	1
 u'widely'	11
 u'\ufe0f\U0001f31e'	1
 u'\U0001f926\u200d'	6
 u'fisly'	8
 u'defo'	1
 u'ishootraw'	1
 u'entirely'	25
 u'dolefully'	1
 u'\u2022enjoy'	1
 u'flowertattoo'	1
 u'tacotuesdays'	4
 u'picturesofphilly'	1
 u'nuovofenomeno'	1
 u'@sneakeratelier'	1
 u'cokemeetsrockabilly'	1
 u'bajaj'	2
 u'voiceover'	4
 u'newly'	4
 u'hsdaily'	1
 u'@exclusivecutsrepost'	1
 u'sweaterweather'	1
 u'playfully'	1
 u'hugely'	1
 u'regularly'	39
 u'septemberwhole30'	1
 u'just'	369
 u'\u274e'	3
 u'mcfarlandranch'	4
 u'outforarip'	1
 u'\U0001f4f8photographer'	1
 u'@sam_butler88'	1
 u'aesthetictumblr'	7
 u'here'	208
 u'\U0001f632\U0001f632\U0001f632\U0001f632\U0001f632\U0001f632#rarephoto'	1
 u'alway'	1
 u'weardifferently'	2
 u'generalassembly'	1
 u'vile'	1
 u'photographyisart'	2
 u'utterly'	5
 u'already'	13
 u'edenfineart'	4
 u'weekly'	3
 u'strategically'	3
 u'constantly'	32
 u'cocacolaroma#romagram#roma#rome#romaitalia\U0001f1ee\U0001f1f9'	1
 u'thightattoo'	1
 u'@cocacola_at'	2
 u'@drstuartlinder'	1
 u'fr'	3
 u'gunsdaily'	1
 u'@jared.sullivan7'	1
 u'channel|market|marketplace|'	1
 u'fcmitti'	1
 u'howwedoitroundhere'	1
 u'capemay'	1
 u'niagarafallscanada'	1
 u'mug'	1
 u'back'	55
 u'african\U0001f1ff\U0001f1e6\U0001f1ff\U0001f1e6\U0001f943'	1
 u'tactically'	1
 u'muchly'	1
 u'\u043e\u0441\u0435\u043d\u044c\u0437\u0430\u043e\u043a\u043d\u043e\u043c'	1
 u'loudly'	6
 u'instalove'	2
 u'primarily'	66
 u'ilcreationscanada'	1
 u'yallcomebacknow'	1
 u'ahoy'	4
 u'privately'	15
 u'harder'	11
 u'@badboyshah'	1
 u'steadily'	1
 u'vintage_daily'	1
 u'seriously'	104
 u'earnestly']	1
 u'\U0001f917\U0001f60e\U0001f330'	1
 u'datenight'	8
 u'ordernow'	3
 u'artnyc'	1
 u'backstage'	3
 u'jamesaspey'	1
 u'cgdaily'	1
 u'especially'	103
 u'@hudinie1'	1
 u'joeymcintyre'	1
 u'thoughroughly'	1
 u'traditionally'	3
 u'canonphotographer'	2
 u'alsogood'	1
 u'multi'	1
 u'nascondere'	1
 u'kicks0l0gy'	6
 u'droningdaily'	1
 u'obeyyourthirst'	2
 u'fatty'	10
 u'quotesdaily'	2
 u'iamready'	1
 u'p.m.'	2
 u'diy'	2
 u'supreme'	68
 u'wordofwisdom'	1
 u'tho\U0001f602\U0001f44c\U0001f3fbit'	1
 u'genuinely'	7
 u'fujifilm'	2
 u'whatpepsiwilldotoyourteeth'	1
 u'@juanocasas'	1
 u'\ufe0f\U0001f328'	1
 u'spag'	1
 u'mrlonely'	1
 u'rarely'	15
 u'amctheater'	1
 u'squirrelhill'	1
 u'farmhousedecor'	1
 u'nintendoonly'	1
 u'eagleexpresscstore'	1
 u'at'	3
 u'subsequently'	2
 u'motherly'	1
 u'rvlifestyle'	1
 u'burritobelly'	1
 u'\U0001f519'	2
 u'famously'	1
 u'nelsonsfootwear'	2
 u'@memesuppiier'	19
 u'horribly'	2
 u'\ufe0f\U0001f4a5'	1
 u'flere'	1
 u'follow#instadaily'	1
 u'alot'	2
 u'freegaschannel'	1
 u'objectively'	9
 u'unmanly'	2
 u'\ufe0f\U0001f64c\U0001f3fc'	2
 u'bringbackthecoke'	2
 u'newfie'	1
 u'womandj'	1
 u'minwax'	2
 u'\u0430\u0458\u0434\u0435\u0434\u0430\u0458\u0430\u0434\u0435\u043c\u0435\u0437\u0430\u0435\u0434\u043d\u043e'	1
 u'sis'	1
 u'simply'	81
 u'curvemodel'	1
 u'\U0001f642'	4
 u'instadaily'	445
 u'pic_poem'	2
 u'\U0001f4a4'	1
 u'iatetwoalready'	1
 u'brusselsgriffonuk'	1
 u'forth'	3
 u'where'	80
 u'sarahah'	3
 u'wildly'	2
 u'tight'	3
 u'musclecarfamily'	1
 u'racetastefully'	2
 u'visually'	5
 u'largbradorsarebest'	1
 u'converse1970s'	1
 u'alone'	4
 u'\U0001f602\U0001f606\U0001f601\U0001f600\U0001f603\U0001f604\U0001f601\U0001f606'	2
 u'anorexiarecovery'	9
 u'sternly'	4
 u'dreadfully'	2
 u'mockingly'	2
 u'voguearabia'	1
 u'https://zolmax.com/investing/coca-cola-hbc-ag-cchby-upgraded-at-morgan-stanley/1671018.html'	1
 u'significantly'	7
 u'chefinthefamily'	1
 u'fooddaily'	1
 u'a.m.'	9
 u'staunchly'	3
 u'handsomely'	1
 u'hilly'	3
 u'little'	19
 u'surprisingly'	20
 u'overnight'	4
 u'navypierchicago'	1
 u'tablecloth'	1
 u'amazingly'	4
 u'@cocacolaeu'	1
 u'employeesonly'	2
 u'\U0001f4a5\U0001f48b'	1
 u'\uc790\ud310\uae30\uac00'	1
 u'defiantly'	2
 u'trong'	1
 u'randomly'	1
 u'upwards'	6
 u'overland'	3
 u'hard\U0001f3a7'	1
 u'persistence|'	2
 u'vaporub'	1
 u'purportedly'	1
 u'austinstjohn'	3
 u'cocacolaserbia'	1
 u'yaaaay'	1
 u'view#viewfromthetop'	1
 u'changedmymind'	1
 u'torta'	1
 u'despondently'	1
 u'awsome'	2
 u'nature_wizards'	1
 u'zaidali'	3
 u'\U0001f64f\U0001f3fc\U0001f64c\U0001f3fc\U0001f60d'	1
 u'rolepepsi'	1
 u'nigga'	7
 u'biblefamily'	1
 u'automatically'	4
 u'onlyinphilly'	1
 u'sodatattoo'	1
 u'bnvlnt'	1
 u'worldtruth.tv/is-pepsi-coke-more-dangerous-then-you-think/'	1
 u'youngernow'	1
 u'walklikeher'	1
 u'swmafiafamily'	2
 u'pcmoz'	1
 u'@aldi'	1
 u'bootygainz'	2
 u'watchdaily'	2
 u'instatattoo'	2
 u'yeet'	4
 u'frequently'	17
 u'sealover'	1
 u'somewhat'	38
 u'outside'	42
 u'maritally'	1
 u'bejuststrong'	1
 u'adelaide'	3
 u'oddly'	7
 u'nicer'	1
 u'highfrutosecornsyrup'	1
 u'\U0001f389'	4
 u'technically'	15
 u'off'	3
 u'unconditionally'	1
 u'homely'	2
 u'byebyebelly'	1
 u'fulltimefamily'	1
 u'meh'	1
 u'simultaneously'	3
 u'only'	121
 u'livingcolorfully'	1
 u'worldwide'	30
 u'animelately'	1
 u'straightforwardly'	1
 u'statefair'	2
 u'goodforthewholefamily'	1
 u'onwards'	5
 u'anarecovery'	4
 u'pepsinigeria'	1
 u'extra'	10
 u'ehcherly'	2
 u'fourthofjuly'	1
 u'sweggfriedrice'	1
 u'\xf7\xf7\xf7\xf7\xf7\xf7\xf7\xf7\xf7\xf7\xf7\u300b\xa4\u300a\xf7\xf7\xf7\xf7\xf7\xf7\xf7\xf7\xf7\xf7\xf7'	1
 u'solodolo'	1
 u'here\U0001f37b'	1
 u'freely'	2
 u'lithely'	2
 u'afterlight'	3
 u'\U0001f449\U0001f3fbtawa'	1
 u'nortshoppingjoquei'	1
 u'twirly'	1
 u'stonemountain'	1
 u'antm'	1
 u'hustlehard'	3
 u'til'	13
 u'oldest'	2
 u'all_pixs'	1
 u'chihuahuasonly'	1
 u'classiccarsdaily'	2
 u'selenatorfamily'	2
 u'gentlemanly'	1
 u'actively'	2
 u'http://tmq.cloudz.pw/download?file=marketing+communication+plan+example+pdf+format'	1
 u'inexplicably'	1
 u'juststopalready'	1
 u'thesakshow'	1
 u'bearfamily'	1
 u'\U0001f918\U0001f3fd'	1
 u'tay'	1
 u'nervously'	1
 u'bacfamily'	2
 u'sorely'	2
 u'sportygirl'	13
 u'mostly'	9
 u'\u300c'	1
 u'moschino'	5
 u'cookingforfamily'	2
 u'freelancemua'	1
 u'elaine'	2
 u'olympusmjuii'	2
 u'broadly'	1
 u'oslostolthet'	1
 u'babycarrot'	1
 u'@msjwilly'	1
 u'livetoexplore'	1
 u'needtheseweekly'	1
 u'grilledprkliempo'	1
 u'jeepfamily'	1
 u'shittily'	1
 u'@cbc'	1
 u'v8'	1
 u'supermodelsdaily'	1
 u'ham'	8
 u'sometime'	2
 u'toyroofrome'	1
 u'dabbersdaily'	3
 u'out'	23
 u'\U0001f433#daily'	1
 u'bayareaphotographer'	1
 u'tukar'	1
 u'ala'	1
 u'everytime'	9
 u'sundayvibes'	13
 u'naturallycurly'	1
 u'calalily'	1
 u'fasts/'	1
 u'\u0441\u043e\u043b\u0430\u0430\u0430\u0430\u0430)'	1
 u'berlinmitte'	1
 u'everyday'	34
 u'superia800'	1
 u'inside'	33
 u'normcore'	1
 u'heavily'	14
 u'findawayormakeaway'	1
 u'single'	1
 u'@cocacolafmec'	38
 u'tentaclekitty'	1
 u'interracially'	2
 u'cincotacobar'	1
 u'jellybelly'	1
 u'awaywiththewifey'	2
 u'bastardisedcuisine'	1
 u'love4ever'	1
 u'covertly'	2
 u'thoseeyesthough'	2
 u'alizafar'	6
 u'sayin\u2019'	3
 u'responsibly'	3
 u'sneakershead'	2
 u'glv'	2
 u'madonnafamily'	2
 u'limitedtimeonly'	3
 u'insanely'	2
 u'lightly'	11
 u'dulces\U0001f618'	30
 u'unironically'	10
 u'redhairs'	1
 u'reportedly'	1
 u'roughly'	7
 u'\u2022routinely'	1
 u'slightly'	35
 u'sz'	1
 u'wherefore'	1
 u'neweranacabe\xe7a'	1
 u'masteryodatattoo'	1
 u'http://bit.ly/2vxhi6a'	1
 u'nom'	19
 u'substantially'	2
 u'suddenly'	21
 u'followbackinstantly'	2
 u'closer'	18
 u'crucially'	1
 u'long'	196
 u'fujifilm_id'	1
 u'forever'	80
 u'hsl'	1
 u'@apple'	1
 u'deadspiderlily'	1
 u'hahaha'	1
 u'@baloncestofeb'	1
 u'shakeitoff'	1
 u'unstitchedembroidery'	1
 u'\U0001f449'	1
 u'weightlossinspro'	1
 u'@slurpee'	1
 u'furiously'	1
 u'gallerywall'	1
 u'sad\U0001f62d#loooooveyuuuu\U0001f495'	1
 u'piccadilly'	4
 u'www.youtube.com/watch?v=pgbfltrbrg4'	1
 u'heeere'	1
 u'yzy'	1
 u'fashiondaily'	22
 u'soundcloud'	2
 u'greedily'	1
 u'applelogo'	1
 u'thankfully'	20
 u'loveyoulikealovesong'	1
 u'gaypicoftheday'	1
 u'sensibly'	1
 u'tacosbae'	3
 u'attentively'	2
 u'enough'	2
 u'deep'	7
 u'erpfamily'	1
 u'@foodiographer'	2
 u'jfkldjslfkjsflksjfsklfjsfjsd'	1
 u'absolutly'	1
 u'usaf'	3
 u'conveniently'	2
 u"\\x0d\\x0adon't"	1
 u"n't"	2813
 u'aerialphotographer'	4
 u'superbowl2018'	1
 u'\U0001f3d6\U0001f364\U0001f419\U0001f3c4\U0001f3fd\u200d'	1
 u'delicious\U0001f601'	1
 u'maddalena'	1
 u'sixth'	1
 u'galvestonbeach'	1
 u'hehehe'	1
 u'benchmark'	3
 u'importantly'	24
 u'offensively'	1
 u'urbexpeople'	3
 u'vegyoptionfalafel'	1
 u'expatfamily'	1
 u'jelly'	59
 u'vegemite'	2
 u'hence'	6
 u'whatiworetoday'	4
 u'pacifyher'	4
 u'yourlogohere'	1
 u'piss'	1
 u'indiscriminately'	2
 u'americain'	1
 u'conventionally'	1
 u'bfr'	1
 u'allegedly'	11
 u'/v/'	1
 u'surely'	25
 u'macrofriendly'	3
 u'sarcasticly'	1
 u'xperiaz5'	1
 u'softly'	2
 u'airride'	10
 u'nka'	1
 u'eventinspo'	1
 u'\ufe0f#ascholarsyouch'	1
 u'emily'	1
 u'qei'	1
 u'familybusiness'	1
 u'beercraft'	4
 u'respectively'	4
 u'travellover'	4
 u'intently'	1
 u'lonly'	1
 u'@inktober'	2
 u'p\xe2tissier'	1
 u'likewise'	3
 u'nastia'	1
 u'namely'	1
 u'surgeryrecovery'	1
 u'onepiece'	3
 u'happyme#friends'	1
 u'iconsoflondon'	1
 u'dramatically'	7
 u'tigersforever'	1
 u'thegoodthebadtheugly'	1
 u'short'	6
 u'createexplore'	16
 u'after'	5
 u'itswhitenoise'	1
 u'sexually'	1
 u'hypothetically'	4
 u'fugly'	1
 u'shewantsthesecretformula'	1
 u'jav'	1
 u'challengersdaily'	1
 u'\U0001f495'	1
 u'\U0001f4a6\U0001f4a6\U0001f4a6\U0001f4a6\U0001f4a6#water'	1
 u'blackandwhite'	6
 u'stupidly'	9
 u'@_ann_k'	4
 u'messily'	3
 u'worldtraveler#wanderlust'	1
 u'unfinshedtattoo'	1
 u'familly'	1
 u'triumphantly'	1
 u'annawintour'	5
 u'rsa_light'	2
 u'\U0001f35f\U0001f354\U0001f95c'	1
 u'dayet'	1
 u'acutally'	1
 u'mentally'	7
 u'paradisepier'	1
 u'heaps'	1
 u'invariably'	1
 u'jaketrally'	1
 u'mommabelly'	1
 u'\u0e1e\u0e31\u0e04\u0e42\u0e1a\u0e01\u0e2d\u0e21'	2
 u'@bbcstrictly'	1
 u'rainorshine'	1
 u'physically'	16
 u'snot'	3
 u'reaaaally'	16
 u'indefinitely'	1
 u'swfriendly'	4
 u'vest'	1
 u'thirdly'	6
 u'nec#baconnaise'	1
 u'woodstockinmymind'	26
 u'\U0001f91e\U0001f3fealso'	1
 u'pizzabread'	1
 u'nobodaybadderthanbada'	1
 u'wordstoliveby'	1
 u'almost'	24
 u'newstyle'	2
 u'obuie360'	1
 u"dosn't"	1
 u'openwater'	1
 u'nasiiii'	1
 u'lovingly'	1
 u'monthly'	1
 u'boycottfuze'	1
 u'@essitattoo'	1
 u'deadsurpriselily'	1
 u'instachicago'	4
 u'shnotice'	6
 u'low'	2
 u'fitzgerald-'	1
 u'teamleli'	1
 u'nutellalover'	1
 u'genetically'	1
 u'awesomely'	2
 u'mylady'	1
 u'novascotia'	6
 u'ml'	2
 u'why'	306
 u'whatsoever'	2
 u'\U0001f60d\U0001f377only'	1
 u'slimebakery'	1
 u'eatthis'	1
 u'foodlover'	28
 u'1down3togo'	1
 u'beshe'	2
 u'@kutle.maragi'	1
 u'phillysupportphilly'	1
 u'ase'	1
 u'shortly'	4
 u'nyclivin'	1
 u'mistakenly'	4
 u'todayonly'	1
 u'tanyakay'	2
 u'beerbelly'	1
 u'32degreeday'	1
 u'\U0001f49e\U0001f495\U0001f499\U0001f49a\U0001f49b\U0001f49c\U0001f49d\U0001f445\U0001f441\U0001f440\U0001f48b'	1
 u'accidently'	1
 u'rawrxd'	1
 u'\U0001f620'	1
 u'anyhow'	3
 u'laundromat'	1
 u'fifa17'	1
 u'periodically'	5
 u'\U0001f44c\U0001f3fb#homesweethome'	1
 u'gdaily'	1
 u'nomadathome#czechdigitalnomad'	1
 u'selflessly'	1
 u'99centsonly'	3
 u'dishwater'	3
 u'jaune'	1
 u'themightymol'	2
 u'livesimply'	1
 u'dalinfamily'	1
 u'alwaysfollowback'	4
 u'myfavourite'	1
 u'shoulditbedoingthat'	1
 u'pannacota'	1
 u'\U0001f64a\U0001f648\U0001f354\U0001f35f'	1
 u'obviously'	116
 u'anymore'	81
 u'shawnarmy'	1
 u'yamaha'	1
 u'oncore'	1
 u'wlsfamily'	1
 u'invisiblebutt'	1
 u'yahmahahs8'	1
 u'noalcohol'	2
 u'unfortunately'	57
 u'quotestoliveby'	12
 u'truely'	2
 u'foodieblog'	1
 u'easier'	1
 u'nutellapisang'	35
 u'icecream'	1
 u'fucking'	4
 u'br0kn'	1
 u'alleyway'	1
 u'literally'	1383
 u'atomospere'	1
 u'willy'	1
 u'ambientlight'	1
 u'cloyingly'	1
 u'impressively'	1
 u'fortworth'	2
 u'girly'	12
 u'properly'	27
 u'prolly'	2
 u'12pk'	1
 u'saatchigallery'	1
 u'second'	18
 u'pouilly'	1
 u'pablopicasso'	1
 u'\u2022totally'	7
 u'nycwould'	1
 u'\U0001f36bnow'	1
 u'recently'	99
 u'\U0001f914maybe'	2
 u'successfully'	22
 u'immensely'	1
 u'@heg_fr'	1
 u'@42kgsonly'	2
 u'thefordbiblestore'	1
 u'definitively'	2
 u'tbobk'	1
 u'\u270f'	3
 u'hopefully'	27
 u'\U0001f4a6'	6
 u'aside'	29
 u'dearphotographer'	1
 u'aerialistdj'	1
 u'necessarily'	20
 u'adidasboost'	3
 u'mildly'	6
 u'upravo'	1
 u'nopepsianywhere'	1
 u'home'	205
 u'surulere'	12
 u'olharesdesampa'	1
 u'cooler'	1
 u'issa'	4
 u'colaes'	1
 u'alonetime'	1
 u'billy'	1
 u'amazinggg'	1
 u'nomusically'	1
 u'@nuigalway'	2
 u'wemovement'	1
 u'nycwff'	2
 u'most'	15
 u'openly'	1
 u'\U0001f3c3\U0001f3fc\u200d'	1
 u'adidascocacola'	1
 u'underground'	1
 u'veganfriendly'	1
 u'ashleylongshore'	1
 u'\ufe0f\U0001f44d\U0001f3fb#friday'	1
 u'around'	2
 u'disassembly'	1
 u'alfresco'	2
 u'uganda'	1
 u'pursuewhatislovely'	2
 u'makeuplover'	5
 u'happyfamily'	1
 u'shoudl'	1
 u'exponentially'	1
 u'@outboxside'	1
 u'asotdj'	1
 u'earlier'	30
 u'availablenow'	1
 u'@cheesecakefactory'	1
 u'comically'	1
 u'atleuven'	1
 u'\U0001f345#988157124'	1
 u'near'	4
 u'waynesboro'	1
 u'onceinawhile'	1
 u'1.very'	1
 u'excellently'	1
 u'suspiciously'	1
 u'ahhhh'	1
 u'personally'	44
 u'quicker'	3
 u'fast'	33
 u'whatiwore'	1
 u'-finally'	2
 u'\ucf54\uce74\ucf5c\ub77c#\uc2dc\ub4dc\ub2c8#\ub370\ub2d8\uc790\ucf13#\ud328\ud53c#\ud328\uc158\ub9ac\ub354'	1
 u'cytwombly'	1
 u'dinosaurnm'	1
 u'vintagecocacola'	10
 u'idealproteinphase1'	1
 u'monsterfamily'	1
 u'@kxthx.lxhsx'	1
 u'@zbrough'	1
 u'differencemakesus'	3
 u'deadflowersareprettytoo'	1
 u'bluebirdday'	1
 u'allaboutcrazyepic'	1
 u'painstakingly'	1
 u'carefully'	11
 u'tmax400'	1
 u'by'	6
 u'nothirst'	1
 u'legally'	6
 u'plain'	11
 u'nut'	2
 u'phoneonly'	1
 u'insta'	1
 u'groovy'	1
 u'secondly'	10
 u'biggest'	3
 u'ago'	260
 u'forcibly'	3
 u'intuitively'	1
 u'smily'	1
 u'horrifically'	1
 u'@sfnewengland'	1
 u'alcaponetattoo'	1
 u'rolexcoke'	3
 u'like4follow'	1
 u'fuller'	7
 u'yaseacabo'	1
 u'naturalenergy'	2
 u'chilly'	1
 u'machinegunkelly'	1
 u'@tedlieu'	1
 u'illy'	3
 u'goodafternoonpost'	1
 u'pretty'	319
 u'photooftheday\U0001f4f7'	1
 u'illustrationdaily'	1
 u'\U0001f4f8'	20
 u'fracasada'	1
 u'autumnishere'	1
 u'notimelikethepresent'	1
 u'\U0001f61c\U0001f60b'	1
 u'solely'	18
 u'@sjmboca'	1
 u'hartleysjelly'	1
 u'morbidly'	4
 u'\U0001f44d'	3
 u'ifyoucantdodgeemramem'	1
 u'iamjohns'	1
 u'@mcsayago'	1
 u'foh'	1
 u'trash\U0001f44d'	1
 u'probably'	244
 u'great'	11
 u'also'	1464
 u'favefilter'	1
 u'demigod'	4
 u'opposite'	1
 u'legitimately'	4
 u'jualoffwhite'	4
 u'selfiebottle'	1
 u'\U0001f4f7\U0001f3a5\U0001f39e'	1
 u'lago'	1
 u'pic.twitter.com/wnwpxcrvj2'	1
 u'poetically'	1
 u'bengalcat'	1
 u'dry(srsly'	2
 u'buttercreamcake'	1
 u'willingly'	1
 u'fontanadragway'	2
 u'unconditionnally'	1
 u'quite'	64
 u'ably'	1
 u'lovemyfamily'	1
 u'aka'	9
 u'win'	1
 u'melbz'	2
 u'mydrugofchoice'	1
 u'awhile'	10
 u'barely'	35
 u'drivefundaily'	1
 u'nike\U0001f4f8'	1
 u'polly'	1
 u'rumba'	1
 u'coz'	16
 u'up'	3
 u'meanwhile'	14
 u'in(especially'	1
 u'levittownphotographer'	2
 u'hardly'	20
 u'crypto'	2
 u'spectacularly'	1
 u'yardsalefind'	1
 u'reioxnard'	1
 u'\u27b0'	1
 u'globaldaily'	1
 u'@grumpychat'	1
 u'ssrepostthis'	1
 u'humanly'	4
 u'vscocamegypt'	1
 u'cordially'	1
 u'ldr'	1
 u'gradually'	9
 u'@tresa1978'	1
 u'@maxwellscoventgarden'	1
 u'monkeybeach'	2
 u'mumstyle'	1
 u'aadee'	2
 u'@quiktrip'	1
 u'outdoors'	25
 u'clearly'	39
 u'overthesurface'	1
 u'@nopoliceman'	1
 u"\U0001f3fbi'm"	1
 u'@robertkelly'	2
 u'jimmyjohns'	2
 u'qotd/'	1
 u'adventureisoutthere'	2
 u'\u201c'	1
 u'\u0444\u043e\u0442\u043e\u0433\u0440\u0430\u0444\u043b\u0438\u043c\u0430\u0441\u0441\u043e\u043b'	2
 u'momtime'	1
 u'dessertlover'	1
 u'adidasyeezy'	1
 u'weirdly'	72
 u'vendingmachineonly'	2
 u'stores.ebay.com/oldtownstore'	2
 u'@algareteradioshow'	2
 u'croatia'	1
 u'tasteslikeatakeaway'	1
 u'weightloss'	2
 u'templetattoo'	1
 u'now'	239
 u'canoncanada'	2
 u'away'	274
 u'naturally'	21
 u'@veryberryslimery'	1
 u'livelifyourway'	1
 u'igdaily'	63
 u'puke'	1
 u'upward'	3
 u'inkedmodel'	2
 u'thickly'	1
 u'igfitfam'	1
 u'dancethenjghtaway'	1
 u'reassembly'	2
 u'hilariously'	4
 u'morally'	3
 u'yearsago'	1
 u'\u256d'	1
 u'arttime'	2
 u'regardless'	13
 u'stirfry'	1
 u'ecomarine'	1
 u'endearingly'	1
 u'sabrinacarpenter'	1
 u'curly'	3
 u'instaisrael'	4
 u'emofanaccount'	1
 u'touchuptattoo'	1
 u'likeforspam'	1
 u'nibba'	1
 u'sohardcore'	1
 u'shakeupfamily'	1
 u'slimey'	3
 u'instabest'	1
 u'truthfully'	2
 u'szentendre'	1
 u'half'	20
 u'enviormentally'	1
 u'\U0001f352'	3
 u'winenot'	1
 u'debrouckere'	1
 u'new'	1
 u'wakeup'	1
 u'outnow'	2
 u'essaysplayground'	2
 u'facebookpost'	1
 u'albraciere'	1
 u'unfortuantly'	1
 u'comingout'	1
 u'@lovewhitty'	1
 u'soloverly'	1
 u'milkyway'	2
 u'streetartdaily'	1
 u'intentionally'	1
 u'bravely'	2
 u'urbansketchers'	3
 u'sketchdaily'	1
 u'@_overtheearth'	1
 u'@pavolkajan'	2
 u'alanrickman'	1
 u'entertainmentweekly'	1
 u'continuously'	66
 u'stricly'	2
 u'forwards'	2
 u'np'	1
 u'\u6700\u5b89\u5024\u30b7\u30e7\u30c3\u30d7'	1
 u'compton'	2
 u'@trae_driver'	1
 u'eyeswideopen'	1
 u'noktiju'	1
 u'jujube_intl'	1
 u'todays'	1
 u'nikegirl'	1
 u'metaonair'	1
 u'brutally'	1
 u'generally'	40
 u'pleasantly'	6
 u'\U0001f914'	3
 u'nevertheless'	4
 u'wdw'	9
 u'@bleachmyfilm'	1
 u'itsgettinghotinhere'	1
 u'northeastphilly'	1
 u'niceday'	5
 u'commonly'	3
 u'duly'	1
 u'heavyd'	1
 u'selfdiscovery'	1
 u'@nygovcuomo'	1
 u'@cjewell0422'	2
 u'fiu'	5
 u'briefly'	1
 u'rosinigutmanartgallery'	2
 u'anghami'	1
 u'https://www.equitiesfocus.com/2017/10/02/0-49-earnings-per-share-expected-for-coca-cola-company-the-ko-this-quarter.html'	2
 u'streetfood'	1
 u'below'	1
 u'\U0001f3fb\ufe0f'	1
 u'particularly'	31
 u'photographydaily'	1
 u'lifeandthyme'	4
 u'ill'	32
 u'postdaily'	1
 u'nt'	501
 u'memesdaily'	47
 u'antiqueallurestore'	1
 u'no.189'	1
 u'instablogdaily'	1
 u'magically'	2
 u'nationally'	2
 u'pussywobbly'	2
 u'tiu'	1
 u'\U0001f60d\U0001f4af'	1
 u'past'	3
 u'\u2022'	1640
 u'waiter'	2
 u'pro'	3
 u'helplessly'	2
 u'undoubtedly'	1
 u'\ua00e\ua34f'	1
 u'whole30'	1
 u'shortbob'	1
 u"\U0001f3b6i'd"	1
 u'\U0001f3b6always'	1
 u'mai'	1
 u'blythefbl'	1
 u'peterdante'	4
 u'\U0001f30e#mundofernweh\U0001f44a'	1
 u'clearicesphere'	1
 u'perfectcokejelly'	1
 u'gurly'	1
 u'food#instadaily'	1
 u'trifle'	2
 u'fiscally'	2
 u'grossly'	2
 u'secretly'	1
 u'cyrusfamily'	1
 u'alain'	1
 u'\U0001f623\U0001f623\U0001f623'	1
 u'quieren'	1
 u'funnygirl'	2
 u'though'	2
 u'workhard'	6
 u'hypemnl'	1
 u'instantly'	16
 u'positivevibesonly'	3
 u'keemster'	2
 u'melodiously'	5
 u'gettingsilly'	2
 u'sure'	22
 u'happyholidays'	2
 u'knoxvillephotographer'	2
 u'uncomfortably'	2
 u'@everything_imaginable'	1
 u'wrong'	5
 u'sideways'	3
 u'wisely'	3
 u'northshore'	1
 u'scaler#rc4wd'	1
 u'myfamily'	1
 u'smilemore'	1
 u'tcc'	2
 u'nichememes'	10
 u'@saintlousassembly'	1
 u'@geofframsey22'	1
 u"don't"	3
 u'butterflytattoo'	1
 u'homemakeover'	1
 u'anniesorganic'	1
 u'lookday'	1
 u'diabetesfriendly'	1
 u'veganuk'	1
 u'therealthingisbetter'	1
 u'hairyguy'	2
 u'e.g.'	9
 u'botanically'	1
 u'hedgehog'	1
 u'experiencemore'	1
 u'uncontrollably'	1
 u'isithalloweenyet'	1
 u'brightly'	2
 u'garmin'	1
 u'bulimianervosa'	1
 u'thefutureofenterpriseisnow'	1
 u'obsessively'	1
 u'shenzhen'	1
 u'howtomakejelly'	1
 u'nobueno'	1
 u'smoothly'	4
 u'andreindiodobrazil'	1
 u'yearly'	4
 u'baliseaturtlesociety'	1
 u'popularly'	2
 u'meanjoegreen'	1
 u'melbhotornot'	2
 u'heathrow'	1
 u'smalltattoo'	1
 u'metal_magazine'	2
 u'loveweddingsng'	1
 u'astray'	1
 u'rtah'	1
 u'notrecommendedforchildren'	1
 u'uphill'	1
 u'@brutalpuncher1'	1
 u'wherever'	2
 u'sonyas7ii'	2
 u'californiapizzakitchen'	3
 u'danyalzafar'	3
 u'vaporwaveisdead'	1
 u'dietcokehead'	1
 u'comparatively'	4
 u'stockupnow'	2
 u'foodshare'	2
 u'ocean#girls'	1
 u'travelforwork#weloveourjobs'	2
 u'beautifully'	10
 u'flintdaily.com/as-coca-cola-c'	1
 u'travelwriter'	3
 u'familyfriendly'	1
 u'apparently'	64
 u'needtoloseweight'	1
 u'atlgirl'	1
 u'nigguh'	1
 u'senselessly'	1
 u'glassware'	2
 u'\U0001f603now'	1
 u'wbd'	1
 u'\U0001f1ef\U0001f1f5\U0001f1ef\U0001f1f5\U0001f351\U0001f351'	1
 u'painterly'	1
 u'frankly'	5
 u'roundhousetx'	1
 u'angrily'	1
 u'thus'	6
 u'officially'	30
 u'twitter.com/namsportsaward'	1
 u'thereafter'	1
 u'slipknot'	1
 u'\U0001f353'	2
 u'ordinarily'	3
 u'grilledporkbelly'	1
 u'ridiculously'	4
 u'vedere'	1
 u'masculina'	1
 u'evenly'	4
 u'secondjkt'	1
 u'approxamitely'	1
 u'westielove'	1
 u'awesomeearth'	1
 u'idly'	1
 u'allthingsfat'	1
 u'spnfamily'	1
 u'florally'	2
 u'\U0001f922\U0001f922\U0001f922\U0001f922not'	1
 u'dailydiver'	1
 u'enrolnow'	1
 u'handsomehubby'	1
 u'@sianconnelly'	1
 u'https://www.shutterstock.com/g/narissawan?language=en'	1
 u'sgtattoo'	1
 u'\ufe0fanyway'	1
 u'yokohama_japan'	1
 u'ronycocacola'	2
 u'non'	1
 u'perfectly'	33
 u'mcds'	1
 u'flat'	4
 u'bitly'	4
 u'outwardly'	2
 u'mixedupdolly'	1
 u'viviendoasumiendo'	1
 u'gmt'	1
 u'fef'	1
 u'casamento'	4
 u'bebraveorgohome'	4
 u'soooooo'	2
 u'anorexiagirl'	1
 u'edmfamily'	3
 u'boyardee'	1
 u'financially'	5
 u'\U0001f926\U0001f3fc\u200d'	1
 u'harmoniously'	1
 u'artdaily'	4
 u'\U0001f612'	1
 u'newstylemaybe'	1
